{
  "version": "0.1",
  "devices": [
    {
      "id": "lock_front",
      "kind": "lock"
    },
    {
      "id": "motion_hall",
      "kind": "motionSensor"
    },
    {
      "id": "light_hall",
      "kind": "switch"
    }
  ],
  "stateMachine": {
    "initial": "Idle",
    "states": [
      {
        "id": "Idle"
      },
      {
        "id": "LightOn"
      }
    ],
    "transitions": [
      {
        "from": "Idle",
        "to": "LightOn",
        "triggers": [
          {
            "type": "becomes",
            "ref": {
              "device": "motion_hall",
              "path": "motion"
            },
            "value": {
              "string": "active"
            }
          }
        ],
        "actions": [
          {
            "type": "command",
            "command": "lock",
            "device": "lock_front"
          },
          {
            "type": "command",
            "command": "on",
            "device": "light_hall"
          }
        ],
        "condition": {
          "deviceId": "lock_front",
          "attribute": "lock",
          "value": "unlocked"
        }
      }
    ]
  }
}
