{
  "version": "0.1",
  "devices": [
    {
      "id": "door_front",
      "kind": "contactSensor"
    },
    {
      "id": "light_hall",
      "kind": "switch"
    }
  ],
  "stateMachine": {
    "initial": "Idle",
    "states": [
      {
        "id": "Idle"
      },
      {
        "id": "DoorOpen"
      }
    ],
    "transitions": [
      {
        "from": "Idle",
        "to": "DoorOpen",
        "triggers": [
          {
            "type": "becomes",
            "ref": {
              "device": "door_front",
              "path": "contact"
            },
            "value": {
              "string": "open"
            }
          }
        ],
        "actions": []
      },
      {
        "from": "DoorOpen",
        "to": "Idle",
        "triggers": [
          {
            "type": "becomes",
            "ref": {
              "device": "door_front",
              "path": "contact"
            },
            "value": {
              "string": "closed"
            }
          }
        ],
        "actions": []
      },
      {
        "from": "DoorOpen",
        "to": "Idle",
        "triggers": [
          {
            "type": "after",
            "seconds": 300
          }
        ],
        "actions": [
          {
            "deviceId": "light_hall",
            "command": "off"
          }
        ]
      }
    ]
  }
}
