{
  "version": "0.1",
  "devices": [
    {
      "id": "lock_front",
      "kind": "lock"
    }
  ],
  "stateMachine": {
    "initial": "Locked",
    "states": [
      {
        "id": "Locked"
      },
      {
        "id": "Unlocked"
      },
      {
        "id": "WaitNotification"
      }
    ],
    "transitions": [
      {
        "from": "Locked",
        "to": "Unlocked",
        "triggers": [
          {
            "type": "becomes",
            "deviceId": "lock_front",
            "property": "lock",
            "value": "unlocked"
          }
        ],
        "actions": []
      },
      {
        "from": "Unlocked",
        "to": "Locked",
        "triggers": [
          {
            "type": "becomes",
            "deviceId": "lock_front",
            "property": "lock",
            "value": "locked"
          }
        ],
        "actions": []
      },
      {
        "from": "Unlocked",
        "to": "WaitNotification",
        "triggers": [
          {
            "type": "after",
            "seconds": 300
          }
        ],
        "actions": []
      },
      {
        "from": "WaitNotification",
        "to": "Unlocked",
        "triggers": [
          {
            "type": "after",
            "seconds": 0
          }
        ],
        "actions": [
          {
            "type": "notify",
            "message": "Front door lock has been unlocked for more than 5 minutes."
          }
        ]
      },
      {
        "from": "WaitNotification",
        "to": "Locked",
        "triggers": [
          {
            "type": "becomes",
            "deviceId": "lock_front",
            "property": "lock",
            "value": "locked"
          }
        ],
        "actions": []
      }
    ]
  }
}
