{
  "version": "0.1",
  "devices": [
    {
      "id": "lock_front",
      "kind": "lock"
    },
    {
      "id": "location",
      "kind": "location"
    }
  ],
  "stateMachine": {
    "initial": "Idle",
    "states": [
      {
        "id": "Idle"
      }
    ],
    "transitions": [
      {
        "from": "Idle",
        "to": "Idle",
        "triggers": [
          {
            "type": "becomes",
            "device": "lock_front",
            "attribute": "lock",
            "value": "unlocked"
          }
        ],
        "actions": [
          {
            "type": "notify",
            "text": "Front Door Lock unlocked while Away"
          }
        ],
        "condition": {
          "device": "location",
          "attribute": "mode",
          "value": "Away"
        }
      }
    ]
  }
}
