{
  "version": "0.1",
  "devices": [
    {
      "id": "door_front",
      "kind": "contactSensor"
    },
    {
      "id": "presence_user",
      "kind": "presenceSensor"
    },
    {
      "id": "light_hall",
      "kind": "switch"
    }
  ],
  "stateMachine": {
    "initial": "Idle",
    "states": [
      {
        "id": "Idle"
      },
      {
        "id": "HallLightOn"
      }
    ],
    "transitions": [
      {
        "from": "Idle",
        "to": "HallLightOn",
        "triggers": [
          {
            "type": "becomes",
            "ref": {
              "device": "door_front",
              "path": "contact"
            },
            "value": {
              "string": "open"
            }
          }
        ],
        "actions": [
          {
            "type": "command",
            "command": "on",
            "device": "light_hall"
          }
        ],
        "condition": {
          "deviceId": "presence_user",
          "attribute": "presence",
          "value": "not present"
        }
      }
    ]
  }
}
