{
  "version": "0.1",
  "devices": [
    {
      "id": "lock_front",
      "kind": "lock"
    },
    {
      "id": "light_hall",
      "kind": "switch"
    },
    {
      "id": "location",
      "kind": "location"
    }
  ],
  "stateMachine": {
    "initial": "Locked",
    "states": [
      {
        "id": "Locked"
      },
      {
        "id": "UnlockedAfterSunset"
      },
      {
        "id": "UnlockedBeforeSunset"
      }
    ],
    "transitions": [
      {
        "from": "Locked",
        "to": "UnlockedAfterSunset",
        "triggers": [
          {
            "deviceId": "lock_front",
            "type": "becomes",
            "attribute": "lock",
            "value": "unlocked"
          },
          {
            "deviceId": "location",
            "type": "changes",
            "attribute": "mode"
          }
        ],
        "actions": [
          {
            "type": "command",
            "deviceId": "light_hall",
            "command": "on"
          }
        ]
      },
      {
        "from": "Locked",
        "to": "UnlockedBeforeSunset",
        "triggers": [
          {
            "deviceId": "lock_front",
            "type": "becomes",
            "attribute": "lock",
            "value": "unlocked"
          }
        ],
        "actions": []
      },
      {
        "from": "UnlockedAfterSunset",
        "to": "UnlockedBeforeSunset",
        "triggers": [
          {
            "deviceId": "location",
            "type": "changes",
            "attribute": "mode",
            "value": "day"
          }
        ],
        "actions": [
          {
            "type": "command",
            "deviceId": "light_hall",
            "command": "off"
          }
        ]
      },
      {
        "from": "UnlockedBeforeSunset",
        "to": "UnlockedAfterSunset",
        "triggers": [
          {
            "deviceId": "location",
            "type": "changes",
            "attribute": "mode",
            "value": "night"
          }
        ],
        "actions": [
          {
            "type": "command",
            "deviceId": "light_hall",
            "command": "on"
          }
        ]
      },
      {
        "from": "UnlockedAfterSunset",
        "to": "Locked",
        "triggers": [
          {
            "deviceId": "lock_front",
            "type": "becomes",
            "attribute": "lock",
            "value": "locked"
          }
        ],
        "actions": [
          {
            "type": "command",
            "deviceId": "light_hall",
            "command": "off"
          }
        ]
      },
      {
        "from": "UnlockedBeforeSunset",
        "to": "Locked",
        "triggers": [
          {
            "deviceId": "lock_front",
            "type": "becomes",
            "attribute": "lock",
            "value": "locked"
          }
        ],
        "actions": []
      }
    ]
  }
}
