{
  "version": "0.1",
  "devices": [
    {
      "id": "door_front",
      "kind": "contactSensor"
    },
    {
      "id": "presence_user",
      "kind": "presenceSensor"
    },
    {
      "id": "light_hall",
      "kind": "switch"
    }
  ],
  "stateMachine": {
    "initial": "Idle",
    "states": [
      {
        "id": "Idle"
      }
    ],
    "transitions": [
      {
        "from": "Idle",
        "to": "Idle",
        "triggers": [
          {
            "type": "becomes",
            "deviceId": "door_front",
            "attribute": "contact",
            "value": "open"
          }
        ],
        "actions": [
          {
            "type": "command",
            "deviceId": "presence_user",
            "attribute": "presence",
            "equals": "not present"
          },
          {
            "type": "command",
            "deviceId": "light_hall",
            "command": "on"
          }
        ]
      }
    ]
  }
}
