{
  "version": "0.1",
  "devices": [
    {
      "id": "presence_user",
      "kind": "presenceSensor"
    },
    {
      "id": "location",
      "kind": "location"
    },
    {
      "id": "light_hall",
      "kind": "switch"
    },
    {
      "id": "lock_front",
      "kind": "lock"
    }
  ],
  "stateMachine": {
    "initial": "UserPresentOrHome",
    "states": [
      {
        "id": "UserPresentOrHome"
      },
      {
        "id": "UserNotPresentAndAway"
      }
    ],
    "transitions": [
      {
        "from": "UserPresentOrHome",
        "to": "UserNotPresentAndAway",
        "triggers": [
          {
            "type": "becomes",
            "ref": {
              "device": "presence_user",
              "path": "presence"
            },
            "value": {
              "string": ""
            }
          },
          {
            "type": "changes",
            "ref": {
              "device": "location",
              "path": "mode"
            }
          }
        ],
        "actions": [
          {
            "type": "command",
            "command": "off",
            "device": "light_hall"
          },
          {
            "type": "command",
            "command": "lock",
            "device": "lock_front"
          }
        ]
      },
      {
        "from": "UserNotPresentAndAway",
        "to": "UserPresentOrHome",
        "triggers": [
          {
            "type": "becomes",
            "ref": {
              "device": "presence_user",
              "path": "presence"
            },
            "value": {
              "string": ""
            }
          },
          {
            "type": "changes",
            "ref": {
              "device": "location",
              "path": "mode"
            }
          }
        ],
        "actions": []
      }
    ]
  }
}
