{
  "version": "0.1",
  "devices": [
    {
      "id": "presence_user",
      "kind": "presenceSensor"
    },
    {
      "id": "location",
      "kind": "location"
    },
    {
      "id": "light_hall",
      "kind": "switch"
    },
    {
      "id": "lock_front",
      "kind": "lock"
    }
  ],
  "stateMachine": {
    "initial": "UserPresentOrHome",
    "states": [
      {
        "id": "UserPresentOrHome"
      },
      {
        "id": "UserNotPresentAndAway"
      }
    ],
    "transitions": [
      {
        "from": "UserPresentOrHome",
        "to": "UserNotPresentAndAway",
        "triggers": [
          {
            "type": "becomes",
            "deviceId": "presence_user",
            "attribute": "presence",
            "to": "not present"
          },
          {
            "type": "changes",
            "deviceId": "location",
            "attribute": "mode",
            "to": "away"
          }
        ],
        "actions": [
          {
            "deviceId": "light_hall",
            "type": "command",
            "command": "off"
          },
          {
            "deviceId": "lock_front",
            "type": "command",
            "command": "lock"
          }
        ]
      },
      {
        "from": "UserNotPresentAndAway",
        "to": "UserPresentOrHome",
        "triggers": [
          {
            "type": "becomes",
            "deviceId": "presence_user",
            "attribute": "presence",
            "to": "present"
          },
          {
            "type": "changes",
            "deviceId": "location",
            "attribute": "mode",
            "to": "home"
          }
        ],
        "actions": []
      }
    ]
  }
}
