{
  "version": "0.1",
  "devices": [
    {
      "id": "presence_user",
      "kind": "presenceSensor"
    },
    {
      "id": "location",
      "kind": "location"
    },
    {
      "id": "light_hall",
      "kind": "switch"
    },
    {
      "id": "lock_front",
      "kind": "lock"
    }
  ],
  "stateMachine": {
    "initial": "Idle",
    "states": [
      {
        "id": "Idle"
      }
    ],
    "transitions": [
      {
        "from": "Idle",
        "to": "Idle",
        "triggers": [
          {
            "type": "becomes",
            "ref": {
              "device": "presence_user",
              "path": "presence"
            },
            "value": {
              "string": "not present"
            }
          }
        ],
        "conditions": [
          {
            "deviceId": "location",
            "attribute": "mode",
            "value": "Away"
          }
        ],
        "actions": [
          {
            "type": "command",
            "command": "off",
            "device": "light_hall"
          },
          {
            "type": "command",
            "command": "lock",
            "device": "lock_front"
          }
        ]
      }
    ]
  }
}
