{
  "version": "0.1",
  "devices": [
    {
      "id": "lock_front",
      "kind": "lock"
    },
    {
      "id": "motion_hall",
      "kind": "motionSensor"
    },
    {
      "id": "light_hall",
      "kind": "switch"
    }
  ],
  "stateMachine": {
    "initial": "Idle",
    "states": [
      {
        "id": "Idle"
      },
      {
        "id": "MotionDetected"
      }
    ],
    "transitions": [
      {
        "from": "Idle",
        "to": "MotionDetected",
        "triggers": [
          {
            "type": "becomes",
            "deviceId": "motion_hall",
            "property": "motion",
            "value": "active"
          }
        ],
        "actions": [
          {
            "type": "command",
            "deviceId": "lock_front",
            "command": "unlock"
          },
          {
            "type": "command",
            "deviceId": "light_hall",
            "command": "on"
          }
        ],
        "condition": {
          "deviceId": "lock_front",
          "property": "lock",
          "value": "unlocked"
        }
      },
      {
        "from": "MotionDetected",
        "to": "Idle",
        "triggers": [
          {
            "type": "becomes",
            "deviceId": "motion_hall",
            "property": "motion",
            "value": "inactive"
          }
        ],
        "actions": [
          {
            "type": "command",
            "deviceId": "light_hall",
            "command": "off"
          }
        ]
      }
    ]
  }
}
