{
  "version": "0.1",
  "devices": [
    {
      "id": "lock_front",
      "kind": "lock"
    },
    {
      "id": "light_hall",
      "kind": "switch"
    },
    {
      "id": "location",
      "kind": "location"
    }
  ],
  "stateMachine": {
    "initial": "Locked",
    "states": [
      {
        "id": "Locked"
      },
      {
        "id": "UnlockedAfterSunset"
      },
      {
        "id": "UnlockedBeforeSunset"
      }
    ],
    "transitions": [
      {
        "from": "Locked",
        "to": "UnlockedAfterSunset",
        "triggers": [
          {
            "type": "becomes",
            "ref": {
              "device": "lock_front",
              "path": "lock"
            },
            "value": {
              "string": "unlocked"
            }
          },
          {
            "type": "changes",
            "ref": {
              "device": "location",
              "path": "mode"
            }
          }
        ],
        "actions": [
          {
            "type": "command",
            "command": "on",
            "device": "light_hall"
          }
        ]
      },
      {
        "from": "Locked",
        "to": "UnlockedBeforeSunset",
        "triggers": [
          {
            "type": "becomes",
            "ref": {
              "device": "lock_front",
              "path": "lock"
            },
            "value": {
              "string": "unlocked"
            }
          }
        ],
        "actions": []
      },
      {
        "from": "UnlockedBeforeSunset",
        "to": "UnlockedAfterSunset",
        "triggers": [
          {
            "type": "changes",
            "ref": {
              "device": "location",
              "path": "mode"
            }
          }
        ],
        "actions": [
          {
            "type": "command",
            "command": "on",
            "device": "light_hall"
          }
        ]
      },
      {
        "from": "UnlockedAfterSunset",
        "to": "UnlockedBeforeSunset",
        "triggers": [
          {
            "type": "changes",
            "ref": {
              "device": "location",
              "path": "mode"
            }
          }
        ],
        "actions": []
      },
      {
        "from": "UnlockedAfterSunset",
        "to": "Locked",
        "triggers": [
          {
            "type": "becomes",
            "ref": {
              "device": "lock_front",
              "path": "lock"
            },
            "value": {
              "string": "locked"
            }
          }
        ],
        "actions": []
      },
      {
        "from": "UnlockedBeforeSunset",
        "to": "Locked",
        "triggers": [
          {
            "type": "becomes",
            "ref": {
              "device": "lock_front",
              "path": "lock"
            },
            "value": {
              "string": "locked"
            }
          }
        ],
        "actions": []
      }
    ]
  }
}
