{
  "version": "0.1",
  "devices": [
    {
      "id": "door_front",
      "kind": "contactSensor"
    },
    {
      "id": "lock_front",
      "kind": "lock"
    },
    {
      "id": "light_hall",
      "kind": "switch"
    },
    {
      "id": "location",
      "kind": "location"
    }
  ],
  "stateMachine": {
    "initial": "Idle",
    "states": [
      {
        "id": "Idle"
      },
      {
        "id": "LightOn"
      }
    ],
    "transitions": [
      {
        "from": "Idle",
        "to": "LightOn",
        "triggers": [
          {
            "type": "becomes",
            "deviceId": "location",
            "component": "mode",
            "value": "sunset"
          }
        ],
        "actions": [
          {
            "type": "command",
            "command": "ignored",
            "device": "door_front"
          }
        ],
        "condition": {
          "all": [
            {
              "deviceId": "door_front",
              "component": "contact",
              "value": "closed"
            },
            {
              "deviceId": "lock_front",
              "component": "lock",
              "value": "locked"
            }
          ]
        }
      },
      {
        "from": "LightOn",
        "to": "Idle",
        "triggers": [],
        "actions": [
          {
            "type": "command",
            "command": "off",
            "device": "light_hall"
          }
        ]
      }
    ]
  }
}
