{
  "version": "0.1",
  "devices": [
    {
      "id": "door_front",
      "kind": "contactSensor"
    },
    {
      "id": "light_hall",
      "kind": "switch"
    }
  ],
  "stateMachine": {
    "initial": "Idle",
    "states": [
      {
        "id": "Idle"
      },
      {
        "id": "DoorOpen"
      }
    ],
    "transitions": [
      {
        "from": "Idle",
        "to": "DoorOpen",
        "triggers": [
          {
            "deviceId": "door_front",
            "type": "becomes",
            "attribute": "contact",
            "to": "open"
          }
        ],
        "actions": []
      },
      {
        "from": "DoorOpen",
        "to": "Idle",
        "triggers": [
          {
            "deviceId": "door_front",
            "type": "becomes",
            "attribute": "contact",
            "to": "closed"
          }
        ],
        "actions": []
      },
      {
        "from": "DoorOpen",
        "to": "Idle",
        "triggers": [
          {
            "type": "after",
            "seconds": 300
          }
        ],
        "actions": [
          {
            "deviceId": "light_hall",
            "type": "command",
            "command": "off"
          }
        ]
      }
    ]
  }
}
