{
  "version": "0.1",
  "devices": [
    {
      "id": "motion_hall",
      "kind": "motionSensor"
    },
    {
      "id": "light_hall",
      "kind": "switch"
    },
    {
      "id": "location",
      "kind": "location"
    }
  ],
  "stateMachine": {
    "initial": "Idle",
    "states": [
      {
        "id": "Idle"
      },
      {
        "id": "LightOn"
      }
    ],
    "transitions": [
      {
        "from": "Idle",
        "to": "LightOn",
        "triggers": [
          {
            "type": "becomes",
            "deviceId": "motion_hall",
            "property": "motion",
            "value": "active"
          },
          {
            "type": "changes",
            "deviceId": "location",
            "property": "mode",
            "value": "night"
          }
        ],
        "actions": [
          {
            "type": "command",
            "command": "on",
            "device": "light_hall"
          }
        ]
      },
      {
        "from": "LightOn",
        "to": "Idle",
        "triggers": [
          {
            "type": "after",
            "seconds": 300
          }
        ],
        "actions": [
          {
            "type": "command",
            "command": "off",
            "device": "light_hall"
          }
        ]
      }
    ]
  }
}
