{
  "version": "0.1",
  "devices": [
    {
      "id": "lock_front",
      "kind": "lock"
    },
    {
      "id": "location",
      "kind": "location"
    }
  ],
  "stateMachine": {
    "initial": "Idle",
    "states": [
      {
        "id": "Idle"
      },
      {
        "id": "CheckLocation"
      }
    ],
    "transitions": [
      {
        "from": "Idle",
        "to": "CheckLocation",
        "triggers": [
          {
            "type": "becomes",
            "deviceId": "lock_front",
            "property": "lock",
            "value": "unlocked"
          }
        ],
        "actions": []
      },
      {
        "from": "CheckLocation",
        "to": "Idle",
        "triggers": [
          {
            "type": "changes",
            "deviceId": "location",
            "property": "mode"
          }
        ],
        "actions": []
      },
      {
        "from": "CheckLocation",
        "to": "Idle",
        "triggers": [],
        "actions": [
          {
            "type": "notify",
            "message": "Front door unlocked while away mode"
          }
        ],
        "condition": {
          "all": [
            {
              "deviceId": "location",
              "property": "mode",
              "value": "away"
            }
          ]
        }
      }
    ]
  }
}
