{
  "version": "0.1",
  "devices": [
    {
      "id": "door_front",
      "kind": "contactSensor"
    },
    {
      "id": "lock_front",
      "kind": "lock"
    },
    {
      "id": "light_hall",
      "kind": "switch"
    },
    {
      "id": "location",
      "kind": "location"
    }
  ],
  "stateMachine": {
    "initial": "Idle",
    "states": [
      {
        "id": "Idle"
      },
      {
        "id": "LightOn"
      }
    ],
    "transitions": [
      {
        "from": "Idle",
        "to": "LightOn",
        "triggers": [
          {
            "type": "becomes",
            "ref": {
              "device": "location",
              "path": "mode"
            },
            "value": {
              "string": "sunset"
            }
          }
        ],
        "actions": [
          {
            "type": "command",
            "device": "door_front",
            "command": "none"
          },
          {
            "type": "command",
            "device": "lock_front",
            "command": "none"
          },
          {
            "type": "command",
            "device": "light_hall",
            "command": "on"
          }
        ],
        "conditions": [
          {
            "device": "door_front",
            "attribute": "contact",
            "operator": "equals",
            "value": "closed"
          },
          {
            "device": "lock_front",
            "attribute": "lock",
            "operator": "equals",
            "value": "locked"
          }
        ]
      }
    ]
  }
}
