{
  "version": "0.1",
  "devices": [
    {
      "id": "lock_front",
      "kind": "lock"
    },
    {
      "id": "light_hall",
      "kind": "switch"
    }
  ],
  "stateMachine": {
    "initial": "Idle",
    "states": [
      {
        "id": "Idle"
      }
    ],
    "transitions": [
      {
        "from": "Idle",
        "to": "Idle",
        "triggers": [
          {
            "type": "becomes",
            "ref": {
              "device": "lock_front",
              "path": "lock"
            },
            "value": {
              "string": "unlocked"
            }
          },
          {
            "type": "schedule",
            "value": "22:00"
          }
        ],
        "actions": [
          {
            "type": "command",
            "command": "off",
            "device": "light_hall"
          },
          {
            "type": "command",
            "command": "lock",
            "device": "lock_front"
          }
        ]
      }
    ]
  }
}
