{
  "version": "0.1",
  "devices": [
    {
      "id": "lock_front",
      "kind": "lock"
    },
    {
      "id": "light_hall",
      "kind": "switch"
    }
  ],
  "stateMachine": {
    "initial": "Locked",
    "states": [
      {
        "id": "Locked"
      },
      {
        "id": "Unlocked"
      }
    ],
    "transitions": [
      {
        "from": "Locked",
        "to": "Unlocked",
        "triggers": [
          {
            "type": "changes",
            "deviceId": "lock_front",
            "property": "lock",
            "value": "unlocked"
          }
        ],
        "actions": [
          {
            "type": "command",
            "command": "on",
            "device": "light_hall"
          }
        ]
      },
      {
        "from": "Unlocked",
        "to": "Locked",
        "triggers": [
          {
            "type": "changes",
            "deviceId": "lock_front",
            "property": "lock",
            "value": "locked"
          }
        ],
        "actions": []
      }
    ]
  }
}
