{
  "version": "0.1",
  "devices": [
    {
      "id": "door_front",
      "kind": "contactSensor"
    },
    {
      "id": "lock_front",
      "kind": "lock"
    },
    {
      "id": "location",
      "kind": "location"
    }
  ],
  "stateMachine": {
    "initial": "Idle",
    "states": [
      {
        "id": "Idle"
      },
      {
        "id": "LockFrontDoor"
      }
    ],
    "transitions": [
      {
        "from": "Idle",
        "to": "LockFrontDoor",
        "triggers": [
          {
            "type": "becomes",
            "deviceId": "door_front",
            "attribute": "contact",
            "value": "closed"
          },
          {
            "type": "becomes",
            "deviceId": "location",
            "attribute": "mode",
            "value": "night"
          }
        ],
        "actions": [
          {
            "type": "command",
            "deviceId": "lock_front",
            "command": "lock"
          }
        ]
      },
      {
        "from": "LockFrontDoor",
        "to": "Idle",
        "triggers": [
          {
            "type": "changes",
            "deviceId": "door_front",
            "attribute": "contact"
          }
        ],
        "actions": []
      }
    ]
  }
}
