{
  "version": "0.1",
  "devices": [
    {
      "id": "door_front",
      "kind": "contactSensor"
    }
  ],
  "stateMachine": {
    "initial": "Idle",
    "states": [
      {
        "id": "Idle"
      }
    ],
    "transitions": [
      {
        "from": "Idle",
        "to": "Idle",
        "triggers": [
          {
            "deviceId": "door_front",
            "attribute": "contact",
            "type": "becomes",
            "value": "open"
          }
        ],
        "actions": [
          {
            "type": "notify",
            "message": "Front door opened"
          }
        ]
      }
    ]
  }
}
