{
  "version": "0.1",
  "devices": [
    {
      "id": "door_front",
      "kind": "contactSensor"
    },
    {
      "id": "location",
      "kind": "location"
    }
  ],
  "stateMachine": {
    "initial": "Idle",
    "states": [
      {
        "id": "Idle"
      },
      {
        "id": "Alert"
      }
    ],
    "transitions": [
      {
        "from": "Idle",
        "to": "Alert",
        "triggers": [
          {
            "type": "becomes",
            "ref": {
              "device": "door_front",
              "path": "contact"
            },
            "value": {
              "string": "open"
            }
          }
        ],
        "actions": [
          {
            "type": "notify",
            "message": "Front door opened while away"
          }
        ],
        "condition": {
          "deviceId": "location",
          "attribute": "mode",
          "equals": "Away"
        }
      },
      {
        "from": "Alert",
        "to": "Idle",
        "triggers": [
          {
            "type": "after",
            "seconds": 1
          }
        ],
        "actions": []
      }
    ]
  }
}
