{
  "version": "0.1",
  "devices": [
    {
      "id": "door_front",
      "kind": "contactSensor"
    },
    {
      "id": "lock_front",
      "kind": "lock"
    },
    {
      "id": "location",
      "kind": "location"
    }
  ],
  "stateMachine": {
    "initial": "Idle",
    "states": [
      {
        "id": "Idle"
      }
    ],
    "transitions": [
      {
        "from": "Idle",
        "to": "Idle",
        "triggers": [
          {
            "type": "becomes",
            "deviceId": "door_front",
            "property": "contact",
            "value": "closed"
          }
        ],
        "conditions": [
          {
            "type": "timeBetween",
            "start": "22:00",
            "end": "06:00"
          }
        ],
        "actions": [
          {
            "type": "command",
            "command": "lock",
            "device": "lock_front"
          }
        ]
      }
    ]
  }
}
