{
  "version": "0.1",
  "devices": [
    {
      "id": "lock_front",
      "kind": "lock"
    }
  ],
  "stateMachine": {
    "initial": "Locked",
    "states": [
      {
        "id": "Locked"
      },
      {
        "id": "Unlocked"
      }
    ],
    "transitions": [
      {
        "from": "Locked",
        "to": "Unlocked",
        "triggers": [
          {
            "type": "becomes",
            "ref": {
              "device": "lock_front",
              "path": "lock"
            },
            "value": {
              "string": "unlocked"
            }
          }
        ],
        "actions": []
      },
      {
        "from": "Unlocked",
        "to": "Unlocked",
        "triggers": [
          {
            "type": "after",
            "seconds": 300
          }
        ],
        "actions": [
          {
            "type": "notify",
            "message": ""
          }
        ]
      },
      {
        "from": "Unlocked",
        "to": "Locked",
        "triggers": [
          {
            "type": "becomes",
            "ref": {
              "device": "lock_front",
              "path": "lock"
            },
            "value": {
              "string": "locked"
            }
          }
        ],
        "actions": []
      }
    ]
  }
}
