{
  "version": "0.1",
  "devices": [
    {
      "id": "motion_hall",
      "kind": "motionSensor"
    },
    {
      "id": "light_hall",
      "kind": "switch"
    },
    {
      "id": "location",
      "kind": "location"
    }
  ],
  "stateMachine": {
    "initial": "Idle",
    "states": [
      {
        "id": "Idle"
      },
      {
        "id": "LightOn"
      }
    ],
    "transitions": [
      {
        "from": "Idle",
        "to": "LightOn",
        "triggers": [
          {
            "type": "becomes",
            "ref": {
              "device": "motion_hall",
              "path": "motion"
            },
            "value": {
              "string": "active"
            }
          },
          {
            "type": "changes",
            "ref": {
              "device": "location",
              "path": "mode"
            }
          }
        ],
        "actions": [
          {
            "type": "command",
            "device": "light_hall",
            "command": "on"
          }
        ]
      },
      {
        "from": "LightOn",
        "to": "Idle",
        "triggers": [
          {
            "type": "after",
            "seconds": 300
          }
        ],
        "actions": [
          {
            "type": "command",
            "device": "light_hall",
            "command": "off"
          }
        ]
      }
    ]
  }
}
