{
  "version": "0.1",
  "devices": [
    {
      "id": "door_front",
      "kind": "contactSensor"
    },
    {
      "id": "location",
      "kind": "location"
    },
    {
      "id": "alarm_main",
      "kind": "alarm"
    }
  ],
  "stateMachine": {
    "initial": "Idle",
    "states": [
      {
        "id": "Idle"
      },
      {
        "id": "Alarmed"
      }
    ],
    "transitions": [
      {
        "from": "Idle",
        "to": "Alarmed",
        "triggers": [
          {
            "type": "becomes",
            "deviceId": "door_front",
            "property": "contact",
            "value": "open"
          },
          {
            "type": "becomes",
            "deviceId": "location",
            "property": "mode",
            "value": "away"
          }
        ],
        "actions": [
          {
            "type": "command",
            "command": "siren",
            "device": "alarm_main"
          },
          {
            "type": "notify",
            "message": "Front door opened while location mode is away."
          }
        ]
      }
    ]
  }
}
