{
  "version": "0.1",
  "devices": [
    {
      "id": "door_front",
      "kind": "contactSensor"
    },
    {
      "id": "lock_front",
      "kind": "lock"
    },
    {
      "id": "location",
      "kind": "location"
    }
  ],
  "stateMachine": {
    "initial": "Idle",
    "states": [
      {
        "id": "Idle"
      }
    ],
    "transitions": [
      {
        "from": "Idle",
        "to": "Idle",
        "triggers": [
          {
            "type": "becomes",
            "ref": {
              "device": "door_front",
              "path": "contact"
            },
            "value": {
              "string": ""
            }
          },
          {
            "type": "changes",
            "ref": {
              "device": "location",
              "path": "mode"
            }
          }
        ],
        "actions": [
          {
            "type": "command",
            "command": "lock",
            "device": "lock_front"
          }
        ],
        "condition": {
          "all": [
            {
              "deviceId": "door_front",
              "attribute": "contact",
              "value": "closed"
            },
            {
              "deviceId": "location",
              "attribute": "mode",
              "value": "night"
            }
          ]
        }
      }
    ]
  }
}
