{
  "version": "0.1",
  "devices": [
    {
      "id": "door_front",
      "kind": "contactSensor"
    },
    {
      "id": "lock_front",
      "kind": "lock"
    },
    {
      "id": "location",
      "kind": "location"
    }
  ],
  "stateMachine": {
    "initial": "Idle",
    "states": [
      {
        "id": "Idle"
      }
    ],
    "transitions": [
      {
        "from": "Idle",
        "to": "Idle",
        "triggers": [
          {
            "type": "becomes",
            "deviceId": "door_front",
            "attribute": "contact",
            "to": "closed"
          },
          {
            "type": "changes",
            "deviceId": "location",
            "attribute": "mode",
            "to": "night"
          }
        ],
        "actions": [
          {
            "type": "command",
            "deviceId": "lock_front",
            "command": "lock"
          }
        ],
        "condition": {
          "all": [
            {
              "deviceId": "door_front",
              "attribute": "contact",
              "value": "closed"
            },
            {
              "deviceId": "location",
              "attribute": "mode",
              "value": "night"
            }
          ]
        }
      }
    ]
  }
}
