{
  "version": "0.1",
  "devices": [
    {
      "id": "door_front",
      "kind": "contactSensor"
    },
    {
      "id": "location",
      "kind": "location"
    }
  ],
  "stateMachine": {
    "initial": "Idle",
    "states": [
      {
        "id": "Idle"
      }
    ],
    "transitions": [
      {
        "from": "Idle",
        "to": "Idle",
        "triggers": [
          {
            "type": "becomes",
            "ref": {
              "device": "door_front",
              "path": "contact"
            },
            "value": {
              "string": "open"
            }
          }
        ],
        "actions": [
          {
            "type": "command",
            "command": "setMode",
            "value": "away",
            "device": "location"
          },
          {
            "type": "notify",
            "message": ""
          }
        ],
        "condition": {
          "deviceId": "location",
          "attribute": "mode",
          "value": "away"
        }
      }
    ]
  }
}
