{
  "version": "0.1",
  "devices": [
    {
      "id": "door_front",
      "kind": "contactSensor"
    },
    {
      "id": "location",
      "kind": "location"
    }
  ],
  "stateMachine": {
    "initial": "Idle",
    "states": [
      {
        "id": "Idle"
      }
    ],
    "transitions": [
      {
        "from": "Idle",
        "to": "Idle",
        "triggers": [
          {
            "deviceId": "door_front",
            "type": "becomes",
            "attribute": "contact",
            "value": "open"
          }
        ],
        "actions": [
          {
            "deviceId": "location",
            "type": "changes",
            "attribute": "mode",
            "value": "away"
          },
          {
            "type": "notify"
          }
        ],
        "condition": {
          "deviceId": "location",
          "attribute": "mode",
          "value": "away"
        }
      }
    ]
  }
}
