{
  "version": "0.1",
  "devices": [
    {
      "id": "lock_front",
      "kind": "lock"
    },
    {
      "id": "light_hall",
      "kind": "switch"
    }
  ],
  "stateMachine": {
    "initial": "Idle",
    "states": [
      {
        "id": "Idle"
      }
    ],
    "transitions": [
      {
        "from": "Idle",
        "to": "Idle",
        "triggers": [
          {
            "type": "becomes",
            "deviceId": "lock_front",
            "property": "lock",
            "value": "unlocked"
          },
          {
            "type": "schedule",
            "time": "21:00"
          }
        ],
        "actions": [
          {
            "type": "command",
            "deviceId": "light_hall",
            "command": "on"
          },
          {
            "type": "notify",
            "message": "Front door unlocked after 9 PM, hallway light turned on"
          }
        ]
      }
    ]
  }
}
