{
  "version": "0.1",
  "devices": [
    {
      "id": "lock_front",
      "kind": "lock"
    },
    {
      "id": "light_hall",
      "kind": "switch"
    },
    {
      "id": "location",
      "kind": "location"
    }
  ],
  "stateMachine": {
    "initial": "Idle",
    "states": [
      {
        "id": "Idle"
      }
    ],
    "transitions": [
      {
        "from": "Idle",
        "to": "Idle",
        "triggers": [
          {
            "type": "becomes",
            "ref": {
              "device": "lock_front",
              "path": "lock"
            },
            "value": {
              "string": "unlocked"
            }
          },
          {
            "type": "changes",
            "ref": {
              "device": "location",
              "path": "mode"
            }
          }
        ],
        "actions": []
      },
      {
        "from": "Idle",
        "to": "Idle",
        "triggers": [
          {
            "type": "becomes",
            "ref": {
              "device": "lock_front",
              "path": "lock"
            },
            "value": {
              "string": "unlocked"
            }
          }
        ],
        "actions": [
          {
            "type": "command",
            "command": "setMode",
            "parameter": "after_9pm",
            "device": "location"
          }
        ]
      }
    ]
  }
}
