{
  "version": "0.1",
  "devices": [
    {
      "id": "lock_front",
      "kind": "lock"
    },
    {
      "id": "light_hall",
      "kind": "switch"
    },
    {
      "id": "location",
      "kind": "location"
    }
  ],
  "stateMachine": {
    "initial": "Idle",
    "states": [
      {
        "id": "Idle"
      }
    ],
    "transitions": [
      {
        "from": "Idle",
        "to": "Idle",
        "triggers": [
          {
            "type": "becomes",
            "deviceId": "lock_front",
            "attribute": "lock",
            "value": "unlocked"
          },
          {
            "type": "changes",
            "deviceId": "location",
            "attribute": "mode",
            "value": "not used"
          }
        ],
        "actions": []
      },
      {
        "from": "Idle",
        "to": "Idle",
        "triggers": [
          {
            "type": "becomes",
            "deviceId": "lock_front",
            "attribute": "lock",
            "value": "unlocked"
          }
        ],
        "actions": [
          {
            "type": "command",
            "deviceId": "location",
            "command": "setMode",
            "parameter": "after_9pm"
          }
        ]
      }
    ]
  }
}
