{
  "version": "0.1",
  "devices": [
    {
      "id": "door_front",
      "kind": "contactSensor"
    },
    {
      "id": "location",
      "kind": "location"
    },
    {
      "id": "alarm_main",
      "kind": "alarm"
    }
  ],
  "stateMachine": {
    "initial": "Idle",
    "states": [
      {
        "id": "Idle"
      },
      {
        "id": "AlarmActivated"
      }
    ],
    "transitions": [
      {
        "from": "Idle",
        "to": "AlarmActivated",
        "triggers": [
          {
            "type": "becomes",
            "ref": {
              "device": "door_front",
              "path": "contact"
            },
            "value": {
              "string": "open"
            }
          },
          {
            "type": "changes",
            "ref": {
              "device": "location",
              "path": "mode"
            }
          }
        ],
        "actions": [
          {
            "type": "command",
            "command": "siren",
            "device": "alarm_main"
          },
          {
            "type": "notify",
            "message": ""
          }
        ]
      }
    ]
  }
}
