{
  "version": "0.1",
  "devices": [
    {
      "id": "door_front",
      "kind": "contactSensor"
    },
    {
      "id": "location",
      "kind": "location"
    },
    {
      "id": "alarm_main",
      "kind": "alarm"
    }
  ],
  "stateMachine": {
    "initial": "Idle",
    "states": [
      {
        "id": "Idle"
      },
      {
        "id": "AlarmActivated"
      }
    ],
    "transitions": [
      {
        "from": "Idle",
        "to": "AlarmActivated",
        "triggers": [
          {
            "type": "becomes",
            "deviceId": "door_front",
            "attribute": "contact",
            "value": "open"
          },
          {
            "type": "changes",
            "deviceId": "location",
            "attribute": "mode",
            "value": "Away"
          }
        ],
        "actions": [
          {
            "type": "command",
            "deviceId": "alarm_main",
            "command": "siren"
          },
          {
            "type": "notify"
          }
        ]
      }
    ]
  }
}
